sample_id	panel_genome	ground_truth_data_source	family_status	population	superpopulation	sex	n_switch_errors	n_checked	switch_error_rate	n_total_switch_errors	n_flips	n_consecutive_flips	n_true_switch_errors	num_correct_phased_hets	n_total_hets	flip_and_switches_SER	flip_error_rate	true_switch_error_rate	accurately_phased_rate	n_gt_errors	n_gt_checked	gt_error_rate	N50
HG00438	GRCh38	HPRC_samples	trio_proband	CHS	EAS	Female	10412	2403144	0.43326575519402916	10412	4619	174	1000	2392732	2407937	0.43240333945614023	0.19182395552707565	0.041529325725714585	99.36854660234052	217836.0	21999236	0.9901980232404434	153082246
HG00621	GRCh38	HPRC_samples	trio_proband	CHS	EAS	Male	9260	2312611	0.4004132125982277	9260	4208	141	703	2303351	2316960	0.399661625578344	0.18161729162350665	0.030341481941854844	99.41263552240868	210194.0	22002356	0.955324966108175	153249416
HG00673	GRCh38	HPRC_samples	trio_proband	CHS	EAS	Male	9840	2337274	0.42100327133232984	9840	4370	155	945	2327434	2341799	0.4201897771755817	0.18660867136761097	0.04035359140558178	99.38658270842204	197105.0	21983702	0.8965960328246807	153249416
HG00733	GRCh38	HPRC_samples	trio_proband	PUR	AMR	Female	9763	2617214	0.3730302527802465	9763	4222	199	1120	2607451	2621635	0.3724011923856677	0.16104453899951746	0.04272143147310743	99.45896358570128	224039.0	22002817	1.0182287113509148	152997189
HG00735	GRCh38	HPRC_samples	trio_proband	PUR	AMR	Female	9422	2791195	0.3375615103925021	9422	4314	146	648	2781773	2795655	0.3370229874573222	0.15431088599988196	0.02317882571347323	99.50344373679872	217716.0	22002445	0.9895082114737703	153203225
HG00741	GRCh38	HPRC_samples	trio_proband	PUR	AMR	Female	10225	2780123	0.3677894826955498	10225	4664	181	716	2769898	2784968	0.3671496404985623	0.16747050594477206	0.02570945159872573	99.45888067654637	226072.0	21996581	1.0277597232042561	153249416
HG01071	GRCh38	HPRC_samples	trio_proband	PUR	AMR	Female	9114	2702145	0.33728759929611474	9114	4210	109	585	2693031	2706464	0.3367493526608889	0.1555535192782908	0.021614918949596225	99.5036697329061	249302.0	21994135	1.1334930880436989	152985897
HG01106	GRCh38	HPRC_samples	trio_proband	PUR	AMR	Male	8352	2627466	0.3178728097718486	8352	3870	119	493	2619114	2631455	0.31739094911370325	0.14706692685225475	0.018734882412961652	99.53101991103782	201750.0	22004267	0.9168676239022187	153249416
HG01109	GRCh38	HPRC_samples	trio_proband	PUR	AMR	Male	13161	3178649	0.414043828053994	13161	6014	346	787	3165488	3185009	0.413217042714793	0.1888220724023072	0.02470950631536677	99.3870974932881	273675.0	21999526	1.2440040753605326	153249416
HG01175	GRCh38	HPRC_samples	trio_proband	PUR	AMR	Female	10418	2720411	0.3829568399774887	10418	4814	107	683	2709993	2725332	0.3822653533587835	0.17663902966684428	0.025061166859670674	99.43716948980895	280834.0	21992930	1.2769285402172426	153072661
HG01243	GRCh38	HPRC_samples	trio_proband	PUR	AMR	Male	14474	3206365	0.45141460813101436	14474	6627	313	907	3191891	3213305	0.4504396563662646	0.20623625830725684	0.02822638996298204	99.33358333553771	264886.0	21984645	1.2048682159752864	153249416
HG01258	GRCh38	HPRC_samples	trio_proband	CLM	AMR	Male	8708	2533857	0.3436658027662966	8708	4033	100	542	2525149	2537990	0.34310615881071244	0.15890527543449737	0.021355482094098086	99.49404843990717	235149.0	21999952	1.0688614229703775	153249416
HG01358	GRCh38	HPRC_samples	trio_proband	CLM	AMR	Male	9049	2548282	0.35510198635786777	9049	4109	146	685	2539233	2552537	0.35451004236177575	0.16097709847105054	0.026836045863390032	99.4787930596109	212022.0	22002017	0.9636480146342946	153249416
HG01361	GRCh38	HPRC_samples	trio_proband	CLM	AMR	Female	10309	2682610	0.38428992660133227	10309	4659	173	818	2672301	2687442	0.383598976275581	0.1733618809261744	0.030437866193949486	99.43660179456896	217484.0	21999760	0.9885744208118633	153035433
HG01891	GRCh38	HPRC_samples	trio_proband	ACB	AFR	Female	14110	3485731	0.40479314095092245	14110	6451	190	1018	3471621	3492372	0.40402339727841136	0.1847168629229647	0.029149242978697573	99.40581931134483	259424.0	22000548	1.1791706279316316	152984106
HG01928	GRCh38	HPRC_samples	trio_proband	PEL	AMR	Male	8677	2075385	0.41809110116918063	8677	3799	153	926	2066708	2079337	0.41729647478980075	0.1827024671806446	0.044533425798704104	99.39264294339975	198676.0	21998646	0.9031283107151231	153249416
HG01952	GRCh38	HPRC_samples	trio_proband	PEL	AMR	Male	11721	2224541	0.5268952111918819	11721	5079	373	1190	2212820	2229993	0.5256070310534607	0.2277585624708239	0.05336339620797016	99.22990789657187	203445.0	21996169	0.9249110606487884	153249416
HG01978	GRCh38	HPRC_samples	trio_proband	PEL	AMR	Female	9934	2370573	0.4190548023621293	9934	4427	145	935	2360639	2375145	0.4182481490603731	0.18638862048422308	0.03936601765365904	99.38925834001714	226014.0	22002057	1.0272403166667552	153190402
HG02055	GRCh38	HPRC_samples	trio_proband	ACB	AFR	Male	15052	3341425	0.4504664925892396	15052	7127	203	595	3326373	3348755	0.4494804785659148	0.21282536345597095	0.017767797285856982	99.33163220361	297406.0	21971994	1.3535685473061754	153249416
HG02080	GRCh38	HPRC_samples	trio_proband	KHV	EAS	Female	10246	2428403	0.42192337927436263	10246	4525	139	1057	2418157	2433067	0.4211145850073179	0.18597925992173664	0.043443111102160356	99.38719320100927	228538.0	22000708	1.03877566121963	153249416
HG02145	GRCh38	HPRC_samples	trio_proband	ACB	AFR	Male	15361	3340929	0.45978229408646515	15361	7244	186	687	3325568	3348359	0.45876203835968604	0.21634478262336862	0.020517513205722565	99.31933821910972	303779.0	21998341	1.380917770117301	153216462
HG02148	GRCh38	HPRC_samples	trio_proband	PEL	AMR	Female	10028	2207960	0.45417489447272597	10028	4320	190	1198	2197932	2212470	0.4532490836033935	0.19525688483911646	0.05414762686047721	99.3429063444928	214253.0	22000754	0.9738438964410038	153132034
HG02257	GRCh38	HPRC_samples	trio_proband	ACB	AFR	Female	14789	3445586	0.4292158140879374	14789	6827	226	909	3430797	3452639	0.4283390183566831	0.19773280670235144	0.026327687313964766	99.36738245730295	250013.0	21992697	1.1368000932309485	153009386
HG02572	GRCh38	HPRC_samples	trio_proband	GWD	AFR	Male	14272	3271133	0.43630142828188273	14272	6679	211	703	3256861	3278023	0.4353843764976634	0.20375085836798584	0.021445853186509062	99.35442795855917	303747.0	21979155	1.3819776055994872	153249416
HG02622	GRCh38	HPRC_samples	trio_proband	GWD	AFR	Female	14965	3449450	0.4338372784067025	14965	6806	225	1128	3434485	3456481	0.43295478841052504	0.19690546541410178	0.032634346897899916	99.36363023549094	261133.0	21993241	1.1873329628861884	152989148
HG02630	GRCh38	HPRC_samples	trio_proband	GWD	AFR	Female	14680	3462910	0.42392092199912795	14680	6759	176	986	3448230	3469845	0.42307365314588985	0.1947925627801818	0.028416254904757993	99.37706151139317	258042.0	22000733	1.1728791036189568	153084171
HG02717	GRCh38	HPRC_samples	trio_proband	GWD	AFR	Male	13011	3353418	0.38799219184724365	13011	6079	178	675	3340407	3359675	0.3872696019704287	0.1809401206961983	0.0200912290623349	99.42649214581768	232298.0	21999389	1.0559293260371911	153249416
HG02723	GRCh38	HPRC_samples	trio_proband	GWD	AFR	Female	14283	3459019	0.41292054192243527	14283	6520	191	1052	3444736	3465730	0.41212096729981845	0.18812775374884944	0.030354355359476934	99.39424017450868	236999.0	21992731	1.0776242386632202	153067099
HG02818	GRCh38	HPRC_samples	trio_proband	GWD	AFR	Female	14928	3433473	0.4347784298871725	14928	6803	197	1125	3418545	3440473	0.43389382797074705	0.19773443942155627	0.032698992260657186	99.36264577574072	255841.0	21990733	1.1634036937286265	153129106
HG02886	GRCh38	HPRC_samples	trio_proband	GWD	AFR	Female	14425	3451579	0.41792466578339943	14425	6574	191	1086	3437154	3458344	0.41710714723578685	0.19009097996035096	0.03140231278322804	99.38727899827201	245290.0	21998624	1.1150242851552896	153010157
HG03098	GRCh38	HPRC_samples	trio_proband	MSL	AFR	Male	13875	3374220	0.41120614542027495	13875	6530	187	628	3360345	3380937	0.4103891909254742	0.1931417237292502	0.018574732389275518	99.39093807426758	277687.0	21981477	1.2632772583935101	153249416
HG03453	GRCh38	HPRC_samples	trio_proband	MSL	AFR	Female	13729	3500375	0.39221511980859197	13729	6308	170	943	3486646	3506853	0.3914906042540135	0.17987637348927943	0.0268902061192756	99.42378537110052	256255.0	22001877	1.1646960847931291	153209864
HG03486	GRCh38	HPRC_samples	trio_proband	MSL	AFR	Female	13879	3487999	0.3979072241706491	13879	6369	182	959	3474120	3494550	0.39716129401496614	0.18225522599476326	0.027442732254510598	99.41537537021934	287156.0	22001583	1.3051606332144372	152932499
HG03492	GRCh38	HPRC_samples	trio_proband	PJL	SAS	Male	9588	2615163	0.36663106659126027	9588	4379	149	681	2605575	2619691	0.3659973638112281	0.16715711891211596	0.025995432285716137	99.46115782357538	242933.0	21996359	1.1044236912118046	153249416
HG03516	GRCh38	HPRC_samples	trio_proband	ESN	AFR	Female	13946	3442563	0.40510514985491913	13946	6500	154	792	3428617	3449217	0.4043236479467659	0.18844856673268165	0.02296173305419752	99.40276300389334	285259.0	21996742	1.296823866007066	153019048
HG03540	GRCh38	HPRC_samples	trio_proband	GWD	AFR	Female	16138	3457706	0.46672562675947576	16138	7317	211	1293	3441568	3465234	0.4657116950832181	0.21115457137959515	0.03731349744346269	99.31704467865661	248252.0	21985459	1.129164508232464	153042924
HG03579	GRCh38	HPRC_samples	trio_proband	MSL	AFR	Male	13078	3367998	0.3883018932909105	13078	6125	182	646	3354920	3374305	0.38757610826525757	0.18151886092098968	0.019144683127340297	99.42551132751781	239696.0	21989382	1.0900533721229637	153249416
NA18906	GRCh38	HPRC_samples	trio_proband	YRI	AFR	Female	13409	3458110	0.3877551610561839	13409	6116	131	1046	3444701	3464357	0.387055952951731	0.1765406971625615	0.030193193138005118	99.4326219843971	269644.0	21996601	1.2258439383430195	153249416
NA20129	GRCh38	HPRC_samples	trio_proband	ASW	AFR	Female	14268	3464767	0.4118025829731119	14268	6517	235	999	3450499	3471519	0.41100163934001227	0.1877276200994435	0.028777028153957964	99.39450136957338	242838.0	21990340	1.1042939763550723	152985897
HG00096	GRCh38	HGSVC_samples	non_trio	GBR	EUR	Male	21348	2444227	0.8734049660690272	21348	8391	477	4089	2422879	2453095	0.8702475851933985	0.34205768631055866	0.16668738878844888	98.7682499047122	318046.0	24029973	1.3235387322324499	153249416
HG00171	GRCh38	HGSVC_samples	non_trio	FIN	EUR	Female	18635	2519103	0.739747441847356	18635	7421	336	3457	2500468	2526860	0.7374765519261058	0.29368465209786054	0.1368101121550066	98.95554166040066	254405.0	24213498	1.0506742974517767	152986956
HG00268	GRCh38	HGSVC_samples	non_trio	FIN	EUR	Female	22034	2512556	0.8769555783035284	22034	8890	403	3851	2490522	2521849	0.873724001714615	0.35251912386506884	0.1527054157485242	98.75777653618437	297718.0	24207931	1.2298366184206326	153249416
HG00358	GRCh38	HGSVC_samples	non_trio	FIN	EUR	Male	16650	2434382	0.6839518202155619	16650	6794	308	2754	2417732	2441484	0.6819622819563839	0.27827337799469504	0.11280024771819107	99.02714906180012	314075.0	24202573	1.2976926048317259	153249416
HG00512	GRCh38	HGSVC_samples	trio_parent	CHS	EAS	Male	12787	2294707	0.557238898037963	12787	5690	191	1216	2281920	2300588	0.5558144265726849	0.24732807438793908	0.05285605245267731	99.18855527369524	339336.0	24198531	1.4022999991197813	153042331
HG00513	GRCh38	HGSVC_samples	trio_parent	CHS	EAS	Female	16237	2358783	0.6883634484393011	16237	7056	266	1859	2342546	2366105	0.686233282123997	0.2982116178276112	0.07856794182844802	99.00431299540806	226867.0	24205112	0.937268953764808	153249416
HG00514	GRCh38	HGSVC_samples	trio_proband	CHS	EAS	Female	12347	2312209	0.5339915206627083	12347	5678	195	796	2299862	2318082	0.5326386210668993	0.24494388032865103	0.03433873348742624	99.21400537168228	414686.0	24132758	1.7183531198547635	153249416
HG00731	GRCh38	HGSVC_samples	trio_parent	PUR	AMR	Male	14394	2558146	0.5626731234261062	14394	6257	317	1563	2543752	2564720	0.5612308556099691	0.2439642534077794	0.06094232508811878	99.18244486727596	298373.0	24230897	1.231374141865239	153062427
HG00732	GRCh38	HGSVC_samples	trio_parent	PUR	AMR	Female	16216	2620249	0.6188724812031223	16216	6883	428	2022	2604033	2627560	0.617150512262327	0.2619540562346816	0.0769535234209685	99.10460655513099	327136.0	24208915	1.3513038481898094	153249416
HG00733	GRCh38	HGSVC_samples	trio_proband	PUR	AMR	Female	9723	2610244	0.37249391244649926	9723	4475	159	614	2600521	2614878	0.3718337910984757	0.17113609124402746	0.023481018999739187	99.45094952804682	214658.0	24233749	0.8857812301348834	153000190
HG00864	GRCh38	HGSVC_samples	non_trio	CDX	EAS	Female	30479	2370672	1.2856692110928885	30479	10889	958	7743	2340193	2382519	1.2792762618052573	0.45703727861141924	0.3249921616574726	98.22347691665838	259926.0	24206488	1.073786498892363	153249416
HG01114	GRCh38	HGSVC_samples	trio_proband	CLM	AMR	Female	10599	2610384	0.4060322159498373	10599	5003	102	491	2599785	2615489	0.4052397085210452	0.19128354200686754	0.018772780156980206	99.39957690512176	256972.0	24209770	1.0614392453955572	153249416
HG01352	GRCh38	HGSVC_samples	trio_proband	CLM	AMR	Female	11309	2626223	0.4306184204463977	11309	5324	112	549	2614914	2631659	0.429728927646021	0.20230584585616906	0.020861365397264617	99.36370935596139	278736.0	24185103	1.15251111396962	153249416
HG01457	GRCh38	HGSVC_samples	trio_proband	CLM	AMR	Male	9561	2570183	0.37199685781129205	9561	4504	130	423	2560622	2574817	0.3713273603522114	0.17492505292609145	0.01642835199550104	99.44869868421718	307542.0	24197190	1.2709822917454463	153001497
HG01505	GRCh38	HGSVC_samples	trio_proband	IBS	EUR	Male	10698	2506665	0.42678219865837674	10698	5060	127	451	2495967	2511852	0.42590088906512014	0.2014449895933359	0.017954879507232114	99.36759809097033	336950.0	24220021	1.3912044089474571	153153137
HG01573	GRCh38	HGSVC_samples	trio_proband	PEL	AMR	Female	10357	2356359	0.43953404383627453	10357	4726	141	764	2346002	2361226	0.43862806863891896	0.20015026092377436	0.03235607265039433	99.35525019629632	236524.0	24185166	0.9779713730308901	153127363
HG01596	GRCh38	HGSVC_samples	non_trio	KHV	EAS	Male	31272	2302727	1.3580420084534555	31272	11319	1039	7595	2271455	2315085	1.3507927354719158	0.48892373282190504	0.32806570817054237	98.11540397004862	329681.0	24223825	1.3609782930647825	153249416
HG01890	GRCh38	HGSVC_samples	trio_parent	ACB	AFR	Male	29585	3317900	0.891678471322222	29585	12303	1111	3868	3288315	3331314	0.8880880037126492	0.36931373025779013	0.1161103396437562	98.70924806247625	393143.0	24239239	1.621927982144984	152976648
HG02011	GRCh38	HGSVC_samples	trio_proband	ACB	AFR	Male	15046	3302343	0.4556159066456755	15046	7097	223	629	3287297	3309663	0.45460821841982096	0.2144327081035139	0.019004956093717097	99.32422122735758	381773.0	24233645	1.5753841405203386	152945789
HG02018	GRCh38	HGSVC_samples	trio_proband	KHV	EAS	Female	11360	2397203	0.4738856075184288	11360	5236	127	761	2385843	2402566	0.4728278016087799	0.21793365926263839	0.03167446804791211	99.30395252409299	242004.0	24221255	0.9991389793798875	153031524
HG02059	GRCh38	HGSVC_samples	trio_proband	KHV	EAS	Female	15002	2296879	0.6531471618661671	15002	6866	212	1058	2281877	2303957	0.6511406245863095	0.2980090340227704	0.04592099592136485	99.04164878077152	326512.0	24207223	1.3488205565752007	152958107
HG02106	GRCh38	HGSVC_samples	trio_proband	PEL	AMR	Female	10535	2174120	0.48456386951962177	10535	4792	146	805	2163585	2179058	0.483465791181327	0.21991153975708772	0.036942568761363856	99.28992252615579	266900.0	24076731	1.108539194959648	153058885
HG02282	GRCh38	HGSVC_samples	trio_parent	ACB	AFR	Female	33616	3427100	0.9808876309416124	33616	13700	1479	4737	3393484	3442279	0.9765623297821007	0.3979921441579837	0.13761232020995393	98.58247980480374	283421.0	24191642	1.1715657829261859	153249416
HG02492	GRCh38	HGSVC_samples	trio_proband	PJL	SAS	Male	11146	2575303	0.43280344099315693	11146	5156	184	650	2564157	2580643	0.4319078617228342	0.19979516732845262	0.025187521094548915	99.36116696497733	318589.0	24217346	1.3155405220704202	152985897
HG02554	GRCh38	HGSVC_samples	non_trio	ACB	AFR	Male	56313	3274907	1.7195297454248317	56313	21453	2963	10444	3218594	3299323	1.706804699024618	0.6502243035919794	0.31654978915371423	97.55316469469646	428754.0	24213787	1.7707019558733212	153009386
HG02587	GRCh38	HGSVC_samples	trio_proband	GWD	AFR	Female	16719	3381543	0.4944192636320165	16719	7736	249	998	3364824	3389528	0.49325451803318926	0.2282323674564718	0.0294436275493225	99.27116695893942	407337.0	24118812	1.6888767158183413	152973198
HG02666	GRCh38	HGSVC_samples	trio_parent	GWD	AFR	Male	22543	3267099	0.6900005172784786	22543	9765	419	2594	3244556	3277283	0.6878563737095637	0.29796023108166125	0.0791509308167772	99.00139841447931	652942.0	24232928	2.6944412165133325	153160785
HG02769	GRCh38	HGSVC_samples	trio_parent	GWD	AFR	Female	26470	3370213	0.7854102989929717	26470	11394	490	3192	3343743	3382097	0.7826505271729345	0.33689157939586	0.09437931555481702	98.8659698406048	314721.0	24203389	1.3003179017616087	152987170
HG02818	GRCh38	HGSVC_samples	trio_proband	GWD	AFR	Female	16988	3374382	0.5034403336670241	16988	7840	237	1071	3357394	3382459	0.5022381646015517	0.23178403640664974	0.0316633549734084	99.25897106217695	322634.0	24010197	1.3437374129000275	153227685
HG02953	GRCh38	HGSVC_samples	trio_parent	ESN	AFR	Male	23629	3245019	0.7281621463541508	23629	10513	371	2232	3221390	3255903	0.7257280084818252	0.32289045466035077	0.06855241080585017	98.93998684850254	473890.0	24214056	1.9570864129495695	153224930
HG03009	GRCh38	HGSVC_samples	non_trio	BEB	SAS	Male	39238	2535755	1.547389239102358	39238	14318	1489	9113	2496517	2551562	1.5378031182467837	0.5611464663606058	0.35715377482498956	97.84269400469204	337897.0	24117164	1.401064403758253	153218681
HG03065	GRCh38	HGSVC_samples	trio_proband	MSL	AFR	Male	15965	3341447	0.477787018617982	15965	7583	156	643	3325482	3349186	0.47668299103125356	0.22641322398935146	0.019198694847046418	99.2922459367739	410843.0	24226639	1.6958316009084051	153215759
HG03248	GRCh38	HGSVC_samples	trio_proband	GWD	AFR	Male	15870	3201330	0.4957314616112678	15870	7450	237	733	3185460	3209017	0.49454396782566123	0.2321583213800363	0.02284188584853243	99.26591227157725	385354.0	24226990	1.590597924050821	153227685
HG03371	GRCh38	HGSVC_samples	trio_proband	ESN	AFR	Male	14899	3324328	0.4481808052634999	14899	7148	122	481	3309429	3331598	0.4472028137848564	0.21455169561273602	0.01443751617091858	99.33458358421395	416917.0	24227420	1.720847700663133	152925410
HG03452	GRCh38	HGSVC_samples	trio_parent	MSL	AFR	Female	27912	3459306	0.8068670421176964	27912	12029	580	3274	3431394	3471915	0.8039367323220757	0.34646585529887686	0.09429954362361982	98.83289193427835	347532.0	24209328	1.4355293133291431	152967666
HG03456	GRCh38	HGSVC_samples	trio_proband	MSL	AFR	Male	15497	3349135	0.46271649246745805	15497	7369	208	551	3333638	3356712	0.4616720171405828	0.2195303022719852	0.01641487264918766	99.31260114064001	406722.0	24233290	1.678360635307876	153082334
HG03520	GRCh38	HGSVC_samples	trio_parent	ESN	AFR	Female	22665	3428840	0.6610107208268686	22665	9884	354	2543	3406175	3439078	0.6590429178983437	0.2874026119791409	0.07394423737990241	99.04326101356236	290304.0	24202114	1.1994985231455402	152981429
HG03683	GRCh38	HGSVC_samples	trio_proband	STU	SAS	Female	12854	2569187	0.5003139125334201	12854	5839	154	1022	2556333	2575180	0.4991495740103605	0.2267414316669126	0.039686546183179426	99.26812882982937	227257.0	23769833	0.9560731873884012	153031623
HG03732	GRCh38	HGSVC_samples	trio_proband	ITU	SAS	Male	10621	2558640	0.4151033361473283	10621	4913	180	615	2548019	2563733	0.4142787099904709	0.19163462029782352	0.023988457456373187	99.38706565777325	302703.0	24227123	1.2494384909012928	153249416
HG03807	GRCh38	HGSVC_samples	trio_proband	BEB	SAS	Female	12207	2659614	0.45897637777512074	12207	5579	132	917	2647407	2665325	0.4579929276917449	0.20931781302467806	0.034404809919990995	99.32773676756118	249427.0	24237195	1.029108360105202	153249416
HG04036	GRCh38	HGSVC_samples	trio_proband	STU	SAS	Female	12615	2622354	0.4810563333554509	12615	5918	144	635	2609739	2628416	0.4799468577272395	0.22515461783827218	0.024159037230027516	99.28941993961382	315791.0	24103150	1.3101648539713688	153152737
HG04217	GRCh38	HGSVC_samples	trio_proband	ITU	SAS	Female	13046	2599361	0.5018925805226746	13046	5909	236	992	2586315	2605506	0.5007088834184225	0.22678896152992933	0.03807321879128277	99.26344441348436	251409.0	24227780	1.037688966962718	152947058
NA12329	GRCh38	HGSVC_samples	trio_proband	CEU	EUR	Female	10219	2576630	0.3966033151830104	10219	4665	103	786	2566411	2581398	0.39587076460119675	0.18071603061596855	0.030448617377095668	99.41942311879068	233535.0	24229098	0.9638617170148059	152933683
NA18534	GRCh38	HGSVC_samples	non_trio	CHB	EAS	Male	32047	2291996	1.398213609447835	32047	11252	1125	8418	2259949	2304373	1.3907036751428696	0.48828900529558367	0.3653054431726114	98.07218709818245	321356.0	24228146	1.3263747048577303	153198262
NA18939	GRCh38	HGSVC_samples	non_trio	JPT	EAS	Female	29424	2155939	1.364788150314086	29424	10316	976	7816	2126515	2167231	1.3576771465524442	0.4759990974658446	0.36064452750998854	98.12128933187094	237510.0	22167068	1.07145428524873	198968485
NA18989	GRCh38	HGSVC_samples	non_trio	JPT	EAS	Male	30319	2297096	1.3198838881788137	30319	10688	1072	7871	2266777	2308856	1.313161149937458	0.4629132349527212	0.34090475975981177	98.17749569483762	294792.0	24192111	1.2185459962547294	152993370
NA19036	GRCh38	HGSVC_samples	non_trio	LWK	AFR	Female	56076	3421728	1.6388210868894315	56076	21813	2356	10094	3365652	3445897	1.6273266438317804	0.6330136971592593	0.29292808229613365	97.67128849179183	561910.0	24230075	2.3190600937058594	153009546
NA19129	GRCh38	HGSVC_samples	trio_proband	YRI	AFR	Female	15272	3406246	0.4483528200840456	15272	7219	116	718	3390974	3413581	0.4473894130533302	0.21147879602095276	0.021033630079379983	99.33773359999367	302137.0	24217248	1.2476107937615373	153223505
NA19238	GRCh38	HGSVC_samples	trio_parent	YRI	AFR	Female	16719	3425118	0.4881291681045733	16719	7663	171	1222	3408399	3432952	0.48701525684017716	0.2232189672328655	0.03559618660558027	99.28478464015808	254192.0	24229973	1.0490808223352128	153190211
NA19239	GRCh38	HGSVC_samples	trio_parent	YRI	AFR	Male	19988	3307719	0.6042834956657442	19988	8840	331	1977	3287731	3316890	0.602612688391837	0.26651471709945157	0.0596040266635312	99.12089336697932	385287.0	24235905	1.5897363849214627	153089080
NA19240	GRCh38	HGSVC_samples	trio_proband	YRI	AFR	Female	14244	3374555	0.42210009912418084	14244	6721	114	688	3360311	3381390	0.42124688367801405	0.19876441345127302	0.02034666217147386	99.37661730826673	258570.0	23780383	1.0873247920355193	153039764
NA19317	GRCh38	HGSVC_samples	non_trio	LWK	AFR	Male	45170	3310151	1.364590316272581	45170	17652	1860	8006	3264981	3329663	1.3565937453730301	0.5301437412735163	0.24044475371831925	98.05740100424578	383992.0	24218986	1.5854999049093137	153249416
NA19331	GRCh38	HGSVC_samples	non_trio	LWK	AFR	Male	53910	3326146	1.6207947576564588	53910	21471	2499	8469	3272236	3350116	1.6091980098599572	0.640903180665983	0.25279721657399323	97.67530437752006	423428.0	24215824	1.748559123984383	153073129
NA19347	GRCh38	HGSVC_samples	non_trio	LWK	AFR	Male	43687	3288715	1.3283911801417878	43687	17262	1792	7371	3245028	3307769	1.320739144722621	0.5218623186806576	0.22283901929064576	98.10322304852606	391319.0	24217089	1.6158795964287862	153170268
NA19384	GRCh38	HGSVC_samples	non_trio	LWK	AFR	Male	36911	3296627	1.1196595793215307	36911	14748	1300	6115	3259716	3312675	1.1142354743522982	0.44519912155584235	0.1845940214479235	98.40132219429917	391583.0	24229480	1.6161428144557788	152980402
NA19434	GRCh38	HGSVC_samples	non_trio	LWK	AFR	Female	48978	3303149	1.4827668991014331	48978	18973	2098	8934	3254171	3324220	1.4733681886277081	0.5707504316802137	0.2687547755563711	97.89276882998116	445239.0	23672417	1.8808345594790765	153000190
NA19650	GRCh38	HGSVC_samples	trio_proband	MXL	AMR	Male	10666	2566102	0.4156498845330388	10666	4881	272	632	2555436	2571255	0.4148168890288983	0.18982948015657725	0.02457943688976784	99.38477513898854	544873.0	24227438	2.2489914121336314	153249416
NA19705	GRCh38	HGSVC_samples	trio_proband	ASW	AFR	Male	15564	3339086	0.4661155777359433	15564	7364	197	639	3323522	3346647	0.4650624938931414	0.22004113370785744	0.019093737702243468	99.30900988362382	388013.0	24223097	1.6018306825093425	153131537
NA19836	GRCh38	HGSVC_samples	trio_proband	ASW	AFR	Female	17257	3371186	0.5118970000468678	17257	7974	271	1038	3353929	3379431	0.5106480943093674	0.23595688149869015	0.030715229871537544	99.24537592275149	378352.0	24117120	1.568810869622907	153198262
NA19983	GRCh38	HGSVC_samples	trio_proband	ASW	AFR	Female	17843	3411308	0.5230544999161613	17843	8314	257	958	3393465	3419879	0.5217436055486173	0.2431080163947321	0.0280126869985751	99.22763349229608	281605.0	24234952	1.1619787817198894	152933539
NA20355	GRCh38	HGSVC_samples	non_trio	ASW	AFR	Female	51346	3422537	1.5002321377387593	51346	21873	2589	5011	3371191	3446999	1.489585578643916	0.6345519682483227	0.14537283010525967	97.80075364106575	320313.0	24228613	1.3220443118225547	153133776
NA20509	GRCh38	HGSVC_samples	non_trio	TSI	EUR	Male	30010	2471402	1.2142905120251581	30010	11093	1044	6780	2441392	2483539	1.2083563012298177	0.4466609946531945	0.27299752490297113	98.30294591709652	316167.0	24221006	1.3053421480511587	152986345
NA20847	GRCh38	HGSVC_samples	non_trio	GIH	SAS	Female	27773	2599102	1.068561372350912	27773	10584	771	5834	2571329	2610457	1.0639133301180599	0.405446249449809	0.22348577279763657	98.50110536201132	288202.0	24190069	1.1914062750296412	153249416
HG00438	CHM13v2.0	HPRC_samples	trio_proband	CHS	EAS	Female	9296	2109175	0.4407410480401105	9296	4097	194	908	2099879	2113466	0.43984620523822004	0.1938521840427052	0.04296260266311358	99.35712237622938	153542.0	19177155	0.8006505657382442	151865156
HG00621	CHM13v2.0	HPRC_samples	trio_proband	CHS	EAS	Male	8159	2030924	0.40173832206424265	8159	3611	126	811	2022765	2034661	0.40100046150194063	0.177474281956552	0.039859219791405054	99.41533257874407	147463.0	19180476	0.7688182503917004	151865156
HG00673	CHM13v2.0	HPRC_samples	trio_proband	CHS	EAS	Male	8915	2048191	0.4352621410796161	8915	3910	153	942	2039276	2052254	0.43440042022088887	0.1905222258063573	0.04590075107662112	99.3676221364412	140740.0	19170263	0.7341578986162057	151865156
HG00733	CHM13v2.0	HPRC_samples	trio_proband	PUR	AMR	Female	7288	2294421	0.3176400494939682	7288	3282	65	659	2287133	2297768	0.31717736516480344	0.1428342635113728	0.028680005988420066	99.53715953917019	145289.0	19180749	0.757473026731125	151865156
HG00735	CHM13v2.0	HPRC_samples	trio_proband	PUR	AMR	Female	6706	2450683	0.2736380021406277	6706	3177	35	317	2443977	2453895	0.2732798265614462	0.12946764225853186	0.012918238147924014	99.59582622728357	152309.0	19179473	0.7941250523411149	151865156
HG00741	CHM13v2.0	HPRC_samples	trio_proband	PUR	AMR	Female	7176	2431225	0.29515984740202983	7176	3374	61	367	2424049	2434660	0.29474341386476965	0.1385819785924934	0.0150739733679446	99.5641691242309	210126.0	19176476	1.0957487705248867	151865156
HG01071	CHM13v2.0	HPRC_samples	trio_proband	PUR	AMR	Female	6338	2368273	0.26762117374137184	6338	3025	46	242	2361935	2371344	0.2672745919613519	0.12756479026239972	0.010205183220991978	99.60322078956068	165960.0	19175185	0.8654936054071969	151865156
HG01106	CHM13v2.0	HPRC_samples	trio_proband	PUR	AMR	Male	6174	2301375	0.26827440117321166	6174	2918	32	306	2295201	2304325	0.2679309559198464	0.12663144304731322	0.013279376824015709	99.60404890803164	138564.0	19180998	0.7224024526773841	151865156
HG01109	CHM13v2.0	HPRC_samples	trio_proband	PUR	AMR	Male	8001	2782175	0.2875807596574622	8001	3858	39	246	2774174	2786072	0.2871785079495433	0.13847452614289937	0.008829635415021578	99.57294714565883	192385.0	19179650	1.0030683563047293	151865156
HG01175	CHM13v2.0	HPRC_samples	trio_proband	PUR	AMR	Female	7170	2389819	0.30002272138601294	7170	3385	58	342	2382649	2393262	0.2995911020189181	0.14143875597406383	0.014290119510525801	99.55654667144675	194836.0	19177572	1.0159575988034357	151865156
HG01243	CHM13v2.0	HPRC_samples	trio_proband	PUR	AMR	Male	9093	2803848	0.324304313215267	9093	4374	52	293	2794755	2808274	0.3237931911202397	0.15575403254810605	0.010433454855188632	99.51860110516282	186062.0	19166832	0.9707498870966261	151865156
HG01258	CHM13v2.0	HPRC_samples	trio_proband	CLM	AMR	Male	6559	2219033	0.29557920048958264	6559	3088	46	337	2212474	2222167	0.2951623347840194	0.13896345324181306	0.01516537685961496	99.56380416053338	160287.0	19178245	0.8357751191519349	151865156
HG01358	CHM13v2.0	HPRC_samples	trio_proband	CLM	AMR	Male	7072	2227238	0.31752331811867435	7072	3257	55	503	2220166	2230550	0.3170518481988747	0.1460177983008675	0.022550492031113405	99.53446459393423	149854.0	19179561	0.7813213242993413	151865156
HG01361	CHM13v2.0	HPRC_samples	trio_proband	CLM	AMR	Female	7128	2343817	0.3041193062427655	7128	3304	72	448	2336689	2347193	0.30368188725852535	0.14076388264620762	0.019086628155417982	99.55248673628458	150842.0	19179218	0.7864867066008635	151865156
HG01891	CHM13v2.0	HPRC_samples	trio_proband	ACB	AFR	Female	10752	3053873	0.35207750944456434	10752	5174	71	333	3043121	3059118	0.3514738561899214	0.16913371762710688	0.010885490523739196	99.47707149577101	189380.0	19179877	0.9873890223592153	151813337
HG01928	CHM13v2.0	HPRC_samples	trio_proband	PEL	AMR	Male	7422	1820998	0.4075787013494798	7422	3236	124	826	1813576	1824358	0.406828045811184	0.17737746648410016	0.045276201271899484	99.40899757613363	140564.0	19178041	0.7329424313984937	151865156
HG01952	CHM13v2.0	HPRC_samples	trio_proband	PEL	AMR	Male	8033	1947270	0.4125262547053054	8033	3507	125	894	1939237	1950902	0.41175825336177824	0.17976300193448977	0.04582495686610604	99.40207145207704	145486.0	19175227	0.7587185278171674	151865156
HG01978	CHM13v2.0	HPRC_samples	trio_proband	PEL	AMR	Female	7774	2079871	0.37377318112517555	7774	3520	90	644	2072097	2083481	0.3731255528608132	0.16894802496399056	0.030909809112730093	99.4536067283551	156729.0	19179637	0.8171635365153158	151865156
HG02055	CHM13v2.0	HPRC_samples	trio_proband	ACB	AFR	Male	11014	2931877	0.37566378125685357	11014	5316	84	298	2920863	2937277	0.37497314689761985	0.1809839521434308	0.010145451041900374	99.4411831093901	210039.0	19176257	1.0953075983493548	151865156
HG02080	CHM13v2.0	HPRC_samples	trio_proband	KHV	EAS	Female	8778	2134634	0.4112180355039787	8778	3856	127	939	2125856	2138617	0.4104521754012056	0.18030343909171206	0.043906880007032585	99.40330596829632	157593.0	19178524	0.8217159985825812	151865156
HG02145	CHM13v2.0	HPRC_samples	trio_proband	ACB	AFR	Male	10365	2930975	0.35363658850723734	10365	5009	54	293	2920610	2936038	0.3530267660023474	0.17060405893929168	0.009979434871074557	99.47452996180567	209706.0	19176744	1.0935433043273666	151865156
HG02148	CHM13v2.0	HPRC_samples	trio_proband	PEL	AMR	Female	7812	1937595	0.4031802311628591	7812	3455	94	808	1929783	1941144	0.40244309541177775	0.1779878257357517	0.04162493869594425	99.41472657360814	151541.0	19178663	0.7901541416103928	151865156
HG02257	CHM13v2.0	HPRC_samples	trio_proband	ACB	AFR	Female	10141	3027527	0.3349598533720756	10141	4880	73	308	3017386	3032480	0.3344127578747428	0.16092439191684693	0.010156703424260012	99.50225557959162	178587.0	19177020	0.9312552210927454	151865156
HG02572	CHM13v2.0	HPRC_samples	trio_proband	GWD	AFR	Male	11333	2869810	0.3949041922635993	11333	5357	119	500	2858477	2875286	0.39415209478291896	0.18631190079873794	0.017389574463201225	99.4153972856961	220575.0	19167881	1.1507531792377048	151865156
HG02622	CHM13v2.0	HPRC_samples	trio_proband	GWD	AFR	Female	11522	3021824	0.3812928880040664	11522	5436	95	555	3010302	3027355	0.38059626307453204	0.17956268756059332	0.018332835098625697	99.43670299651015	190053.0	19175566	0.9911206793061546	151865156
HG02630	CHM13v2.0	HPRC_samples	trio_proband	GWD	AFR	Female	11365	3035811	0.37436454377429956	11365	5386	112	481	3024446	3041309	0.373687777203829	0.17709479701010322	0.015815558366479698	99.44553480096893	184734.0	19179029	0.9632083042368829	151865156
HG02717	CHM13v2.0	HPRC_samples	trio_proband	GWD	AFR	Male	10735	2927285	0.36672206498513127	10735	5062	112	499	2916550	2932459	0.36607502440784334	0.17261963423870547	0.017016435694412094	99.45748602111743	168417.0	19169186	0.8785819074424964	151865156
HG02723	CHM13v2.0	HPRC_samples	trio_proband	GWD	AFR	Female	11313	3027967	0.3736170176227152	11313	5401	84	427	3016654	3033452	0.37294145415849667	0.17804797966145502	0.01407637239686008	99.44624144374133	171552.0	19175005	0.8946646950026871	151865156
HG02818	CHM13v2.0	HPRC_samples	trio_proband	GWD	AFR	Female	11669	3002099	0.38869470993461575	11669	5536	101	496	2990430	3007736	0.38796623107879147	0.18405870728016022	0.01649080903377158	99.42461705415636	185099.0	19163863	0.965875199587891	151865156
HG02886	CHM13v2.0	HPRC_samples	trio_proband	GWD	AFR	Female	11525	3012412	0.3825837899995087	11525	5459	113	494	3000887	3017984	0.3818774387140555	0.1808823373483756	0.016368542709305284	99.43349600262957	206309.0	19121841	1.078918081161746	151865156
HG03098	CHM13v2.0	HPRC_samples	trio_proband	MSL	AFR	Male	10947	2959825	0.3698529473870922	10947	5255	94	343	2948878	2965174	0.36918575436045237	0.17722400101983896	0.011567617954292057	99.45042011025322	197341.0	19166420	1.029618468133329	151865156
HG03453	CHM13v2.0	HPRC_samples	trio_proband	MSL	AFR	Female	10955	3063550	0.35759168285159376	10955	5244	76	391	3052595	3068870	0.35697178440272803	0.1708772284260982	0.0127408459791389	99.46967450559978	187718.0	19179121	0.9787622696577178	151865156
HG03486	CHM13v2.0	HPRC_samples	trio_proband	MSL	AFR	Female	11081	3057712	0.3623951503607926	11081	5299	88	395	3046631	3063099	0.36175781455316985	0.17299473507059354	0.012895436941476589	99.46237454290574	191395.0	19178343	0.9979746425434147	151865156
HG03492	CHM13v2.0	HPRC_samples	trio_proband	PJL	SAS	Male	7280	2290048	0.317897266782181	7280	3322	92	544	2282768	2293462	0.31742405149943625	0.14484652459905592	0.023719599452705124	99.53371802105289	160548.0	19173976	0.8373224207644778	151865156
HG03516	CHM13v2.0	HPRC_samples	trio_proband	ESN	AFR	Female	10818	3020858	0.35811017929343253	10818	5248	45	277	3010040	3026151	0.35748381359687603	0.17342161709709794	0.009153541908516792	99.46760753181186	207690.0	19179116	1.082896625683895	151631394
HG03540	CHM13v2.0	HPRC_samples	trio_proband	GWD	AFR	Female	12850	3027881	0.42438920155712856	12850	6061	112	616	3015031	3034054	0.42352575135445847	0.1997657259890562	0.02030286870306198	99.3730170919832	208591.0	19168612	1.0881904229685486	151599053
HG03579	CHM13v2.0	HPRC_samples	trio_proband	MSL	AFR	Male	10654	2951466	0.3609731570683857	10654	5079	120	376	2940812	2956665	0.3603384218367654	0.17178138206391322	0.01271703084387308	99.46382156923426	175230.0	19178430	0.913682715425611	151865156
NA18906	CHM13v2.0	HPRC_samples	trio_proband	YRI	AFR	Female	11015	3029055	0.36364476709732907	11015	5294	75	352	3018040	3034424	0.36300134720790506	0.1744647419081842	0.011600224622531326	99.4600622721149	203095.0	19175187	1.0591552510022457	151865156
NA20129	CHM13v2.0	HPRC_samples	trio_proband	ASW	AFR	Female	9722	3036867	0.3201325576655152	9722	4680	76	286	3027145	3041623	0.3196319859496065	0.15386522261305888	0.009402874715242487	99.52400412542909	181298.0	19153853	0.946535404652004	151865156
HG00096	CHM13v2.0	HGSVC_samples	non_trio	GBR	EUR	Male	21064	2148959	0.9801955272296958	21064	9159	395	2351	2127895	2158513	0.9758569904373984	0.42431989059134695	0.10891757427451212	98.58152348399106	233771.0	21351713	1.094858290761027	151865156
HG00171	CHM13v2.0	HGSVC_samples	non_trio	FIN	EUR	Female	15370	2221528	0.6918661389818179	15370	6906	195	1363	2206158	2228629	0.6896616709196551	0.3098766102388509	0.06115867647778074	98.99171194487732	183604.0	21518599	0.853233986097329	151721519
HG00268	CHM13v2.0	HGSVC_samples	non_trio	FIN	EUR	Female	18106	2215597	0.8172063782357532	18106	8069	301	1667	2197491	2223967	0.8141307852139892	0.362820131773538	0.07495614818025627	98.80951470952581	206431.0	21514411	0.9595010525735517	151865156
HG00358	CHM13v2.0	HGSVC_samples	non_trio	FIN	EUR	Male	13156	2137308	0.6155406707877386	13156	5957	201	1041	2124152	2143466	0.6137722735046882	0.27791436859740254	0.048566200723501096	99.09893602231152	232378.0	21507290	1.0804615551285168	151761351
HG00512	CHM13v2.0	HGSVC_samples	trio_parent	CHS	EAS	Male	11378	2013644	0.5650452612279032	11378	5266	174	672	2002266	2019084	0.5635228648238508	0.2608113382107926	0.03328241915640954	99.16704802771949	258554.0	21506595	1.2022079738796403	151813920
HG00513	CHM13v2.0	HGSVC_samples	trio_parent	CHS	EAS	Female	10198	2076330	0.49115506687279964	10198	4768	100	562	2066132	2081198	0.49000623679246286	0.229098817123599	0.027003677689484612	99.27609002122816	170394.0	21511102	0.7921212032744765	151865156
HG00514	CHM13v2.0	HGSVC_samples	trio_proband	CHS	EAS	Female	9418	2031856	0.4635170996369822	9418	4368	181	501	2022438	2036405	0.46248167726950185	0.21449564305725038	0.024602178839670887	99.31413446735792	315017.0	21447801	1.4687612963212406	151865156
HG00731	CHM13v2.0	HGSVC_samples	trio_parent	PUR	AMR	Male	7775	2238293	0.34736292344210523	7775	3679	61	356	2230518	2242033	0.3467834773172384	0.16409214315757173	0.015878446035361655	99.48640363455846	219523.0	21532225	1.0195091310814373	151618688
HG00732	CHM13v2.0	HGSVC_samples	trio_parent	PUR	AMR	Female	9650	2299566	0.41964440246550866	9650	4464	120	602	2289916	2304150	0.4188095393095068	0.19373738688887443	0.02612677126055161	99.38224507953042	248290.0	21514450	1.154061572570993	151671792
HG00733	CHM13v2.0	HGSVC_samples	trio_proband	PUR	AMR	Female	7284	2285628	0.318687030435399	7284	3480	44	280	2278344	2289152	0.3181964325654216	0.15202135987474838	0.012231603668083204	99.52786009841199	161183.0	21535366	0.7484572121969043	151865156
HG00864	CHM13v2.0	HGSVC_samples	non_trio	CDX	EAS	Female	28106	2104255	1.3356746211842196	28106	11491	969	4155	2076149	2116715	1.327812199563947	0.54286949353125	0.19629473027781255	98.08353982468117	192833.0	21510939	0.8964415732851085	151865156
HG01114	CHM13v2.0	HGSVC_samples	trio_proband	CLM	AMR	Female	8120	2289070	0.35472921317390904	8120	3916	61	227	2280950	2293047	0.3541139802193326	0.17077713627326435	0.009899491811550308	99.47244866764615	192212.0	21522888	0.8930585895350105	151865156
HG01352	CHM13v2.0	HGSVC_samples	trio_proband	CLM	AMR	Female	8273	2307457	0.3585332251045198	8273	3956	65	296	2299184	2311478	0.35790952801627357	0.17114590751025968	0.012805659409261086	99.46813251088697	198998.0	21495648	0.9257594839662429	151865156
HG01457	CHM13v2.0	HGSVC_samples	trio_proband	CLM	AMR	Male	7219	2246640	0.32132428871559304	7219	3456	59	248	2239421	2250155	0.32082234334968035	0.15358941939555276	0.011021462965884571	99.52296619566208	232225.0	21508205	1.0797042338028673	151640994
HG01505	CHM13v2.0	HGSVC_samples	trio_proband	IBS	EUR	Male	8625	2194435	0.39303966624666486	8625	4038	93	456	2185810	2198566	0.39230116357662226	0.18366517084317688	0.020740791952572724	99.4198036356425	256409.0	21521726	1.1913960804073056	151671792
HG01573	CHM13v2.0	HGSVC_samples	trio_proband	PEL	AMR	Female	8599	2065209	0.41637432337356656	8599	3963	89	584	2056610	2069261	0.41555898458435164	0.19151764808789223	0.028222636003868047	99.38862231492305	177487.0	21492500	0.8258090031406304	151865156
HG01596	CHM13v2.0	HGSVC_samples	non_trio	KHV	EAS	Male	32072	2040783	1.5715536634713245	32072	13116	1026	4814	2008711	2054925	1.5607382264559533	0.6382714697616702	0.23426645741328758	97.75106147426304	251146.0	21526796	1.1666668834507465	151640994
HG01890	CHM13v2.0	HGSVC_samples	trio_parent	ACB	AFR	Male	14305	2914578	0.49080861791998703	14305	6849	64	543	2900273	2921491	0.4896472383450779	0.23443508811083108	0.01858639988964539	99.27372701131031	318142.0	21540579	1.4769426578552043	151582720
HG02011	CHM13v2.0	HGSVC_samples	trio_proband	ACB	AFR	Male	11494	2889554	0.39777765011486205	11494	5563	82	286	2878060	2895199	0.397002071360207	0.19214568670409185	0.009878422864887697	99.40801996684857	308673.0	21534907	1.4333611935263988	151865156
HG02018	CHM13v2.0	HGSVC_samples	trio_proband	KHV	EAS	Female	9755	2103278	0.46379984005918384	9755	4482	119	672	2093523	2107879	0.46278747499263484	0.21263080091409423	0.031880387821122555	99.31893623874994	183108.0	21525176	0.8506690026599549	151650217
HG02059	CHM13v2.0	HGSVC_samples	trio_proband	KHV	EAS	Female	11577	2023143	0.5722284583936974	11577	5234	154	955	2011566	2028531	0.5707085570789897	0.2580192267212086	0.047078403041412725	99.16368051560465	236255.0	21514411	1.0981244153046996	151865156
HG02106	CHM13v2.0	HGSVC_samples	trio_proband	PEL	AMR	Female	8086	1910104	0.42332773503432275	8086	3695	107	589	1902018	1913906	0.42248678879735996	0.19306068323104686	0.030774761142919247	99.37886186677925	192186.0	21401799	0.8979899306595673	151865156
HG02282	CHM13v2.0	HGSVC_samples	trio_parent	ACB	AFR	Female	14409	3014234	0.4780318979880129	14409	6920	114	455	2999825	3021268	0.47691896250183696	0.22904290516432174	0.01505990200141133	99.29026488216206	210665.0	21500251	0.9798257704061222	151865156
HG02492	CHM13v2.0	HGSVC_samples	trio_proband	PJL	SAS	Male	8583	2252013	0.3811256862193957	8583	3991	98	503	2243430	2256102	0.3804349271442515	0.17689803031955115	0.02229509126803664	99.43832326729908	238679.0	21520628	1.1090707947742047	151671792
HG02554	CHM13v2.0	HGSVC_samples	non_trio	ACB	AFR	Male	30381	2896257	1.048974590307421	30381	13665	460	2591	2865876	2910382	1.0438835864158038	0.469525993495012	0.089026114097737	98.47078493476114	334009.0	21519325	1.5521351157622276	151562050
HG02587	CHM13v2.0	HGSVC_samples	trio_proband	GWD	AFR	Female	13795	2969868	0.4644987588673975	13795	6594	149	458	2956073	2976611	0.4634465168609536	0.22152709910700455	0.015386625931302411	99.3100206913164	329524.0	21430552	1.537636548045986	151865156
HG02666	CHM13v2.0	HGSVC_samples	trio_parent	GWD	AFR	Male	15700	2872435	0.5465745961179278	15700	7458	158	626	2856735	2880051	0.5451292355586759	0.2589537476940513	0.021735726207626184	99.19043100278432	550041.0	21535908	2.554064588314549	151865156
HG02769	CHM13v2.0	HGSVC_samples	trio_parent	GWD	AFR	Female	15861	2968520	0.5343066578631775	15861	7557	101	646	2952659	2976178	0.5329318340502484	0.25391626441698045	0.02170569099025663	99.20975828730674	235562.0	21506072	1.0953278683341152	151601450
HG02818	CHM13v2.0	HGSVC_samples	trio_proband	GWD	AFR	Female	13879	2954446	0.46976658229664714	13879	6634	131	480	2940567	2961211	0.46869338253842774	0.22402996611859136	0.016209584524709653	99.30285278556644	250640.0	21347820	1.1740777278429366	151865156
HG02953	CHM13v2.0	HGSVC_samples	trio_parent	ESN	AFR	Male	15231	2861074	0.5323525361455174	15231	7356	92	427	2845843	2868522	0.530970304567997	0.2564386816625426	0.014885714664206863	99.20938378719075	368736.0	21518710	1.7135599671169879	151839867
HG03009	CHM13v2.0	HGSVC_samples	non_trio	BEB	SAS	Male	35890	2243764	1.5995443371049718	35890	15022	1122	4724	2207874	2259908	1.5881177463861362	0.6647173247760528	0.2090350580643106	97.69751689006809	253847.0	21426593	1.1847287153865291	151865156
HG03065	CHM13v2.0	HGSVC_samples	trio_proband	MSL	AFR	Male	13750	2924360	0.4701883489036917	13750	6615	112	408	2910610	2931087	0.4691092417249983	0.22568419156442643	0.013919750590821766	99.30138545870525	331200.0	21527944	1.53846554041575	151631394
HG03248	CHM13v2.0	HGSVC_samples	trio_proband	GWD	AFR	Male	13471	2798804	0.4813127321527338	13471	6416	140	499	2785333	2805360	0.4801879259702855	0.22870505033222116	0.017787378446972937	99.28611657683862	312733.0	21530725	1.4524963743673287	151865156
HG03371	CHM13v2.0	HGSVC_samples	trio_proband	ESN	AFR	Male	13132	2912923	0.4508186450517229	13132	6383	88	278	2899791	2919394	0.4498193803234507	0.21864126596136046	0.009522524195089803	99.32852502950955	339770.0	21529432	1.5781651833638715	151833738
HG03452	CHM13v2.0	HGSVC_samples	trio_parent	MSL	AFR	Female	17272	3052451	0.5658403689363073	17272	8216	183	657	3035179	3060850	0.5642876978617051	0.2684221703121682	0.021464625839227664	99.16131140042799	259781.0	21522984	1.2069934168979544	151689403
HG03456	CHM13v2.0	HGSVC_samples	trio_proband	MSL	AFR	Male	13009	2933634	0.443443183437334	13009	6297	82	333	2920625	2940013	0.44248103664847743	0.21418272640291047	0.011326480529167729	99.34054713363513	326140.0	21534614	1.514491970926435	151697396
HG03520	CHM13v2.0	HGSVC_samples	trio_parent	ESN	AFR	Female	16476	3015225	0.5464268835659031	16476	7873	116	614	2998749	3023214	0.5449829221484156	0.2604182171688806	0.0203095116653998	99.19076188453745	220037.0	21505365	1.023172589723541	151650217
HG03683	CHM13v2.0	HGSVC_samples	trio_proband	STU	SAS	Female	10031	2251259	0.44557289943094064	10031	4600	129	702	2241228	2255988	0.44463888992317335	0.20390179380386778	0.031117186793546775	99.34574120075106	168729.0	21106292	0.7994251192961795	151865156
HG03732	CHM13v2.0	HGSVC_samples	trio_proband	ITU	SAS	Male	8909	2241582	0.3974425205056072	8909	4101	126	581	2232673	2245809	0.39669446511257195	0.18260680227036225	0.025870410172904285	99.41508828221812	232318.0	21529721	1.0790571786787206	151625285
HG03807	CHM13v2.0	HGSVC_samples	trio_proband	BEB	SAS	Female	9190	2332891	0.39393182107522384	9190	4212	112	654	2323701	2337215	0.39320302154487285	0.18021448604428775	0.02798202133736092	99.4217904642919	178704.0	21540036	0.8296364964292539	151865156
HG04036	CHM13v2.0	HGSVC_samples	trio_proband	STU	SAS	Female	9493	2297932	0.4131105707218491	9493	4520	86	367	2288439	2302538	0.4122841838006582	0.19630512069724798	0.01593893347254204	99.38767568656847	225612.0	21417125	1.0534187011562008	151813337
HG04217	CHM13v2.0	HGSVC_samples	trio_proband	ITU	SAS	Female	9595	2279913	0.4208493920601356	9595	4416	136	627	2270318	2284465	0.42001081215952096	0.1933056536213074	0.02744625109161226	99.38073028039388	180048.0	21531923	0.8361909895367914	151579493
NA12329	CHM13v2.0	HGSVC_samples	trio_proband	CEU	EUR	Female	8723	2254830	0.38685843278650717	8723	3982	157	602	2246107	2258969	0.38614961072949655	0.17627510603288493	0.026649325422349754	99.43062520999624	173344.0	21531317	0.8050784817296591	151865156
NA18534	CHM13v2.0	HGSVC_samples	non_trio	CHB	EAS	Male	36993	2028106	1.8240170878642437	36993	14811	1366	6005	1991113	2044283	1.8095831154492796	0.7245082994869105	0.29374602244405495	97.39908809103241	244340.0	21530345	1.1348633753894795	151865156
NA18939	CHM13v2.0	HGSVC_samples	non_trio	JPT	EAS	Female	30414	1897821	1.60257474229656	30414	12235	1106	4838	1867407	1911162	1.591387857230313	0.6401864415470798	0.2531444220845747	97.71055514917103	179420.0	19618098	0.9145636850218609	174774516
NA18989	CHM13v2.0	HGSVC_samples	non_trio	JPT	EAS	Male	30790	2032896	1.5145880556604963	30790	12484	1069	4753	2002106	2046449	1.5045574065124516	0.6100323047385985	0.23225597119693672	97.83317346291062	228450.0	21498299	1.0626422118326664	151598016
NA19036	CHM13v2.0	HGSVC_samples	non_trio	LWK	AFR	Female	35667	3031789	1.1764341120044963	35667	15739	707	3482	2996122	3048235	1.1700869519574442	0.5163315820466599	0.11423003803840584	98.29038771617019	479908.0	21531410	2.2288740031423857	151745501
NA19129	CHM13v2.0	HGSVC_samples	trio_proband	YRI	AFR	Female	12661	2991898	0.4231761911669449	12661	6153	75	280	2979237	2998126	0.4222971282727944	0.2052281992151097	0.00933916719977746	99.3699731098693	227350.0	21520881	1.056415859555192	151865156
NA19238	CHM13v2.0	HGSVC_samples	trio_parent	YRI	AFR	Female	13060	3004200	0.4347247187271154	13060	6320	64	356	2991140	3010584	0.4338028767840393	0.20992604757083677	0.011824948249243336	99.354145242252	200044.0	21532727	0.9290230633583939	151865156
NA19239	CHM13v2.0	HGSVC_samples	trio_parent	YRI	AFR	Male	13277	2906808	0.4567553137324516	13277	6399	92	387	2893531	2913299	0.4557376362673382	0.21964789745233837	0.013283909409916387	99.32145653432758	312067.0	21537815	1.448925993653488	151650217
NA19240	CHM13v2.0	HGSVC_samples	trio_proband	YRI	AFR	Female	12376	2952000	0.41924119241192415	12376	6016	62	282	2939624	2958078	0.418379772271049	0.20337529977235216	0.00953321717682901	99.37614897240708	205436.0	21109097	0.9732107441639971	151650217
NA19317	CHM13v2.0	HGSVC_samples	non_trio	LWK	AFR	Male	26261	2926470	0.8973609843941678	26261	11613	447	2588	2900209	2938530	0.8936781315827982	0.39519759879939975	0.08807124650760755	98.6959125821414	310011.0	21526855	1.4401128265136733	151865156
NA19331	CHM13v2.0	HGSVC_samples	non_trio	LWK	AFR	Male	31571	2934427	1.0758829577290558	31571	13990	823	2768	2902856	2949240	1.070479174295751	0.4743594960057506	0.0938546879874137	98.42725583540167	334960.0	21523578	1.5562468284780533	151580316
NA19347	CHM13v2.0	HGSVC_samples	non_trio	LWK	AFR	Male	26488	2908705	0.9106458028572854	26488	11902	441	2243	2882217	2921048	0.9067978342019714	0.4074565019130121	0.07678750914055503	98.67064834264963	316240.0	21521478	1.4694158087097922	151545765
NA19384	CHM13v2.0	HGSVC_samples	non_trio	LWK	AFR	Male	22238	2906018	0.7652395821361051	22238	9977	333	1951	2883780	2916328	0.7625342554061134	0.3421082950888926	0.06689919652384779	98.88393898080051	315783.0	21532227	1.4665598686099677	151576056
NA19434	CHM13v2.0	HGSVC_samples	non_trio	LWK	AFR	Female	28291	2928521	0.9660507812646725	28291	12474	616	2727	2900230	2941611	0.9617519107727025	0.4240533503580181	0.09270430386614681	98.59325383267876	353347.0	21037882	1.6795749686208907	151865156
NA19650	CHM13v2.0	HGSVC_samples	trio_proband	MXL	AMR	Male	8553	2242946	0.3813288416216886	8553	3897	180	579	2234393	2247023	0.38063695832218897	0.17342946645405943	0.025767426501642394	99.43792297631133	444719.0	21529776	2.0655997535691966	151697374
NA19705	CHM13v2.0	HGSVC_samples	trio_proband	ASW	AFR	Male	11765	2921640	0.40268479347215946	11765	5723	70	249	2909875	2927433	0.4018879338997682	0.1954955074975243	0.00850574547735166	99.40022538517535	309543.0	21531286	1.4376428792966662	151618515
NA19836	CHM13v2.0	HGSVC_samples	trio_proband	ASW	AFR	Female	12032	2955795	0.40706476599358216	12032	5826	81	299	2943763	2961702	0.4062528910741188	0.19671121537548344	0.010095546412164357	99.39430097963941	301553.0	21433729	1.40690870916582	151865156
NA19983	CHM13v2.0	HGSVC_samples	trio_proband	ASW	AFR	Female	12656	2996230	0.4223974794992374	12656	6142	73	299	2983574	3002445	0.4215231253195313	0.20456661154492425	0.009958550448051506	99.37147891135392	215111.0	21536600	0.9988159690944718	151865156
NA20355	CHM13v2.0	HGSVC_samples	trio_proband	ASW	AFR	Female	19195	3022469	0.6350768196464546	19195	9056	140	943	3003274	3031665	0.6331504305389942	0.29871374310816007	0.031105019848828946	99.06351790187901	231896.0	21532810	1.0769425820410805	151598016
NA20509	CHM13v2.0	HGSVC_samples	non_trio	TSI	EUR	Male	29270	2182742	1.340973875978013	29270	12234	882	3920	2153472	2195858	1.3329641534197567	0.5571398514840213	0.17851791873609313	98.06972946338061	229500.0	21523783	1.0662623759029721	151598180
NA20847	CHM13v2.0	HGSVC_samples	non_trio	GIH	SAS	Female	19490	2293494	0.8497951160979711	19490	8522	387	2059	2274004	2302403	0.8465068886724001	0.37013502848979957	0.08942830599160963	98.76654955713661	210311.0	21499901	0.9781952019220925	151638960
